timestep,start_lane,end_lane
1,6,7
1,22,7
1,21,8
2,3,19
3,4,14
3,16,2
3,17,1
3,15,8
7,6,7
7,11,18
7,10,19
8,9,2
12,6,7
14,22,7
14,21,8
17,21,8
17,4,14
17,17,1
18,15,8
19,3,18
23,4,14
26,11,18
29,10,19
30,22,7
30,21,8
33,17,1
33,22,1
35,16,2
35,5,13
37,16,2
37,4,14
39,6,7
40,15,8
41,11,18
42,20,13
44,21,8
44,22,7
45,12,13
45,10,19
48,16,2
48,4,14
51,17,1
53,5,14
54,20,14
57,12,13
1:01,22,7
1:01,21,8
1:01,11,18
1:02,10,19
1:05,17,1
1:05,16,2
1:05,15,8
1:06,6,7
1:06,4,14
1:09,6,7
1:09,12,13
1:12,6,7
1:13,20,14
1:15,11,18
1:15,10,19
1:16,22,7
1:16,21,8
1:21,17,1
1:21,16,2
1:22,6,7
1:22,4,14
1:26,22,1
1:26,21,8
1:27,12,13
1:27,11,18
1:30,20,14
1:32,10,19
1:33,4,14
1:33,5,13
1:34,11,18
1:36,12,13
1:39,17,1
1:39,16,2
1:43,10,19
1:44,11,18
1:44,22,7
1:44,21,8
1:44,20,13
1:50,4,14
1:56,15,8
1:58,12,13
1:57,20,14
2:01,10,19
2:01,11,18
2:01,21,8
2:01,22,7
2:06,5,13
2:06,4,14
2:13,20,14
2:15,22,7
2:15,21,8
2:17,12,13
2:17,16,2
2:18,11,18
2:18,17,1
2:19,6,7
2:20,10,19
2:22,20,13
2:28,6,7
2:29,16,2
2:30,5,13
2:31,4,14
2:32,17,1
2:35,15,8
2:40,22,7
2:40,21,8
2:40,3,18
2:41,12,13
2:41,11,18
2:41,10,19
2:42,4,14
2:44,5,13
2:44,6,7
2:46,17,1
2:46,4,14
2:49,6,7
2:51,15,8
2:52,12,13
2:54,22,7
2:54,21,8
2:57,12,13
2:57,10,19
2:57,11,18
2:57,9,2
3:00,6,7
3:02,4,14
3:02,16,2
3:04,22,1
3:04,6,7
3:04,17,1
3:07,17,18
3:09,15,8
3:11,22,7
3:11,21,8
3:12,4,14
3:13,12,13
3:13,11,18
3:14,10,19
3:18,15,8
3:20,17,1
3:21,10,19
3:22,16,2
3:23,11,18
3:24,6,7
3:24,20,13
3:25,21,8
3:25,22,7
3:26,12,13
3:28,4,14
3:30,17,1
3:30,15,8
3:33,11,18
3:34,10,19
3:35,22,7
3:35,21,8
3:40,5,13
3:44,17,1
3:44,15,8
3:47,12,13
3:49,11,18
3:49,10,19
3:51,22,7
3:51,21,8
3:54,4,14
3:58,16,2
3:58,15,8
4:01,17,1
4:01,10,19
4:02,11,18
4:03,22,7
4:03,21,8
4:06,4,14
4:07,17,18
4:08,16,2
4:09,5,13
4:09,3,18
4:13,15,8
4:16,11,18
4:16,10,19
4:16,22,7
4:19,21,8
4:21,4,14
4:21,5,13
4:23,16,2
4:24,17,1
4:25,15,8
4:28,21,8
4:28,22,7
4:29,10,19
4:31,11,18
4:34,4,14
4:35,4,14
4:35,5,13
4:37,6,13
4:37,17,1
4:37,16,2
4:41,15,8
4:42,10,19
4:42,11,18
4:43,22,7
4:43,21,8
4:46,12,13
4:48,16,2
4:49,15,8
4:49,4,14
4:52,5,13
4:53,22,7
4:54,16,2
5:00,21,8
5:01,12,13
5:01,10,19
5:01,21,8
5:01,22,1
5:03,11,18
5:04,6,7
5:04,4,14
5:06,6,7
5:10,22,7
5:10,21,8
5:13,15,8
5:13,12,13
5:18,4,14
5:19,5,13
5:21,15,8
5:22,22,1
5:24,11,18
5:24,10,19
5:26,12,14
5:27,21,8
5:31,17,1
5:31,16,2
5:31,15,8
5:38,6,7
5:38,22,7
5:38,4,14
5:41,21,8
5:42,11,18
5:42,10,19
5:43,9,1
5:47,16,2
5:47,15,8
5:48,5,13
5:50,4,14
5:55,22,7
5:55,21,8
5:56,20,14
5:59,5,13
5:59,4,14
5:59,9,2
6:01,11,18
6:01,10,19
6:07,15,8
6:09,3,18
6:14,11,18
6:14,10,19
6:15,22,7
6:16,21,8
6:17,9,1
6:19,12,13
6:20,20,14
6:21,17,1
6:23,15,8
6:28,21,8
6:31,10,19
6:31,12,13
6:32,11,18
6:34,22,7
6:36,16,2
6:37,17,1
6:37,6,7
6:39,12,13
6:39,4,14
6:39,5,13
6:40,15,8
6:40,4,14
6:47,9,2
6:47,10,19
6:47,11,18
6:53,22,7
6:53,21,8
6:54,17,1
6:54,16,2
6:55,6,7
6:55,12,13
6:56,15,8
6:59,9,2
7:01,11,18
7:01,10,19
7:05,12,13
7:06,15,8
7:07,17,18
7:08,22,7
7:11,22,1
7:11,21,8
7:12,10,19
7:13,6,7
7:14,11,18
7:15,4,14
7:17,16,2
7:17,5,13
7:21,15,8
7:22,22,7
7:22,21,8
7:23,12,13
7:24,11,18
7:24,10,19
7:28,6,7
7:28,5,13
7:28,4,14
7:32,16,2
7:33,17,1
7:33,15,8
7:35,12,13
7:38,22,7
7:38,21,8
7:39,11,18
7:39,12,13
7:42,12,13
7:42,11,18
7:42,6,7
7:44,9,2
7:45,16,2
7:47,6,7
7:47,16,2
7:48,17,1
7:48,5,13
7:48,4,14
7:51,15,8
7:52,22,7
7:52,21,8
7:54,11,18
7:55,12,14
7:56,10,19
7:58,4,14
8:02,17,1
8:02,16,2
8:04,17,18
8:04,15,8
8:05,22,7
8:06,11,18
8:06,10,19
8:07,21,8
8:09,20,13
8:11,4,14
8:13,10,19
8:14,17,18
8:16,16,2
8:16,15,8
8:17,17,1
8:21,11,18
8:21,22,7
8:22,21,8
8:24,15,8
8:25,11,18
8:25,17,1
8:27,6,7
8:28,4,14
8:28,3,18
8:30,22,7
8:32,11,18
8:32,10,19
8:35,21,8
8:36,11,18
8:37,6,7
8:38,17,1
8:38,15,8
8:39,4,14
8:40,17,1
8:41,17,18
8:42,10,19
8:44,11,18
8:45,22,7
8:47,21,8
8:50,21,8
8:51,22,7
8:51,16,2
8:51,21,8
8:52,15,8
8:56,10,19
8:56,11,18
8:58,5,13
8:58,4,14
9:02,3,18
9:03,16,2
9:09,11,18
9:09,22,7
9:10,21,8
9:15,9,2
9:17,17,1
9:17,15,8
9:18,16,2
9:18,4,14
9:22,10,19
9:24,12,14
9:25,20,14
9:25,22,7
9:25,21,8
9:28,11,18
9:31,12,13
9:32,4,14
9:32,5,13
9:33,15,8
9:33,17,1
9:36,16,2
9:36,17,1
9:40,22,1
9:41,10,19
9:41,11,18
9:41,21,8
9:45,9,1
9:48,4,14
9:48,5,13
9:48,20,14
9:51,16,2
9:53,15,8
9:57,10,19
9:57,11,18
9:57,22,7
9:57,21,8
10:01,12,13
10:01,4,14
10:06,16,2
10:06,15,8
10:09,20,14
10:09,22,7
10:10,21,8
10:12,10,19
10:13,11,18
10:17,15,8
10:19,17,18
10:19,16,2
10:21,20,14
10:22,22,7
10:24,9,2
10:25,21,8
10:25,10,19
10:27,11,18
10:31,15,8
10:32,16,2
10:36,12,13
10:36,20,13
10:37,9,2
10:37,10,19
10:37,11,18
10:37,21,8
10:39,22,7
10:44,17,18
10:44,15,8
10:45,16,2
10:47,20,13
10:48,12,13
10:50,11,18
10:50,10,19
10:51,21,8
10:51,22,7
10:53,12,13
10:55,17,1
10:55,16,2
10:55,15,8
11:01,11,18
11:01,22,7
11:01,21,8
11:02,10,19
11:06,17,1
11:06,16,2
11:06,15,8
11:10,11,18
11:11,10,19
11:13,22,1
11:13,12,13
11:14,21,8
11:14,3,18
11:16,17,18
11:22,6,7
11:23,16,2
11:23,12,13
11:24,10,19
11:25,11,18
11:28,20,14
11:28,10,19
11:30,9,2
11:31,16,2
11:31,21,8
11:31,22,7
11:34,10,19
11:39,3,18
11:40,17,1
11:40,15,8
11:47,22,7
11:47,21,8
11:47,20,14
11:48,12,13
11:51,10,19
11:52,4,14
11:52,11,18
11:53,9,1
11:55,17,1
11:56,5,13
11:58,15,8
11:59,16,2
12:01,12,13
12:01,22,7
12:01,21,8
12:02,11,18
12:04,10,19
12:05,11,18
12:07,12,13
12:08,6,7
12:08,4,14
12:09,17,1
12:09,16,2
12:10,6,7
12:13,22,7
12:15,12,13
12:16,11,18
12:18,21,8
12:18,10,19
12:18,9,1
12:21,4,14
12:21,16,2
12:22,17,1
12:25,11,18
12:27,10,19
12:28,22,7
12:29,21,8
12:31,10,19
12:34,17,1
12:36,16,2
12:36,4,14
12:38,17,1
12:38,15,8
12:39,22,1
12:39,21,8
12:41,12,13
12:43,11,18
12:44,10,19
12:48,17,1
12:48,4,14
12:50,16,2
12:52,15,8
12:56,11,18
12:57,9,2
12:58,10,19
12:58,6,7
12:59,22,7
12:59,21,8
13:01,16,2
13:01,22,7
13:01,21,8
13:08,10,19
13:09,22,7
13:09,21,8
13:09,11,18
13:12,4,14
13:12,5,13
13:13,16,2
13:18,22,7
13:18,21,8
13:22,11,18
13:23,10,19
13:24,4,14
13:26,3,18
13:26,6,7
13:27,15,8
13:30,16,2
13:31,22,7
13:33,21,8
13:34,11,18
13:34,10,19
13:38,4,14
13:38,3,18
13:44,15,8
13:44,17,1
13:45,16,2
13:46,17,18
13:47,4,14
13:47,6,7
13:49,11,18
13:49,10,19
13:50,22,7
13:50,21,8
13:54,6,7
13:55,17,1
13:55,16,2
13:58,4,14
14:01,15,8
14:02,11,13
14:04,22,7
14:04,21,8
14:04,10,19
14:07,11,18
14:08,9,2
14:12,17,1
14:12,16,2
14:14,4,14
14:17,22,7
14:17,21,8
14:21,15,8
14:22,16,2
14:23,17,1
14:25,4,14
14:27,11,18
14:27,10,19
14:32,22,7
14:33,21,8
14:37,12,13
14:38,6,7
14:38,17,1
14:38,16,2
14:38,15,8
14:41,17,18
14:42,4,14
14:46,11,18
14:46,12,13
14:48,22,7
14:48,21,8
14:52,4,14
14:52,17,1
14:53,12,13
14:54,16,2
14:55,6,7
14:56,12,13
14:58,11,18
14:58,10,19
14:58,22,7
15:01,21,8
15:02,12,13
15:05,17,18
15:06,12,13
15:10,10,19
15:12,11,18
15:14,17,18
15:15,16,2
15:15,15,8
15:21,6,7
15:21,22,7
15:21,21,8
15:24,12,13
15:26,10,19
15:27,6,7
15:28,11,18
15:30,21,8
15:33,17,1
15:33,16,2
15:33,15,8
15:36,3,18
15:37,5,13
15:39,4,14
15:42,22,7
15:42,21,8
15:42,10,19
15:42,12,13
15:44,11,18
15:49,4,14
15:50,20,14
15:51,17,1
15:54,3,18
15:55,16,2
15:56,15,8
15:59,12,13
16:01,22,7
16:01,21,8
16:02,10,19
16:02,11,18
16:03,12,13
16:07,20,14
16:09,5,13
16:10,4,14
16:12,17,1
16:12,16,2
16:16,15,8
16:17,17,1
16:18,12,13
16:18,6,7
16:19,22,7
16:19,21,8
16:22,11,18
16:23,10,19
16:25,9,2
16:25,6,7
16:26,17,1
16:26,16,2
16:27,20,14
16:27,5,13
16:31,4,14
16:31,6,7
16:35,12,13
16:35,10,19
16:35,22,7
16:35,21,8
16:38,11,18
16:41,6,7
16:41,4,14
16:41,5,13
16:44,17,1
16:44,15,8
16:44,16,2
16:50,20,14
16:50,22,7
16:50,21,8
16:50,12,13
16:54,11,18
16:56,10,19
16:59,15,8
17:01,16,2
17:00,4,14
17:03,17,1
17:05,6,7
17:06,20,14
17:07,22,7
17:09,21,8
17:10,12,14
17:10,11,18
17:11,10,19
17:14,17,1
17:14,15,8
17:15,6,7
17:16,16,2
17:17,4,14
17:19,5,13
17:20,22,7
17:21,6,7
17:22,11,18
17:22,17,18
17:22,22,7
17:23,21,8
17:23,10,19
17:28,9,2
17:29,15,8
17:32,17,1
17:32,16,2
17:33,6,13
17:33,4,14
17:37,11,18
17:37,10,19
17:38,22,7
17:38,21,8
17:42,17,18
17:43,15,8
17:44,16,2
17:47,4,14
17:45,22,1
17:49,3,18
17:49,11,18
17:50,10,19
17:54,9,2
17:54,22,7
17:57,17,1
17:58,22,7
17:58,21,8
18:01,11,18
18:02,10,19
18:02,22,7
18:02,21,8
18:04,15,8
18:06,16,2
18:07,17,1
18:07,15,8
18:10,4,14
18:13,15,8
18:15,5,13
18:18,11,18
18:18,10,19
18:20,9,2
18:22,22,7
18:22,21,8
18:24,20,13
18:27,4,14
18:27,17,1
18:27,16,2
18:28,5,14
18:29,3,18
18:32,11,18
18:34,10,19
18:36,15,8
18:37,22,7
18:37,21,8
18:40,17,1
18:45,6,7
18:45,4,14
18:49,11,18
18:49,10,19
18:51,22,7
18:51,21,8
18:52,10,19
18:53,11,18
18:56,5,13
18:56,4,14
18:58,17,1
18:58,16,2
19:01,15,8
19:01,22,7
19:02,21,8
19:03,11,18
19:05,10,19
19:07,20,14
19:09,11,18
19:09,22,7
19:09,21,8
19:14,5,13
19:15,17,1
19:17,4,14
19:19,3,19
19:18,16,2
19:20,6,7
19:20,22,7
19:20,21,8
19:22,12,13
19:22,11,18
19:23,9,2
19:27,20,14
19:30,6,7
19:30,4,14
19:33,15,8
19:33,16,2
19:33,17,1
19:35,12,13
19:38,22,7
19:38,21,8
19:39,10,19
19:42,11,18
19:43,4,14
19:43,20,14
19:45,5,13
19:51,17,1
19:51,16,2
19:51,15,8
19:55,10,19
19:55,22,7
19:55,21,8
19:57,10,19
19:57,12,14
20:01,5,13
20:02,4,14
20:02,20,13
20:02,17,18
20:05,16,2
20:11,11,18
20:13,15,8
20:15,22,7
20:15,21,8
20:17,12,13
20:18,10,19
20:21,20,13
20:23,5,13
20:23,4,14
20:28,16,2
20:28,17,18
20:29,9,1
20:31,11,18
20:33,10,19
20:36,22,7
20:36,21,8
20:38,5,13
20:38,4,14
20:43,3,18
20:43,16,2
20:46,15,8
20:48,11,18
20:50,6,7
20:52,20,14
20:52,22,7
20:52,9,2
20:57,17,1
20:57,21,8
21:01,11,18
21:01,17,18
21:01,15,8
21:04,4,14
21:07,22,7
21:08,21,8
21:09,20,14
21:09,10,19
21:09,11,18
21:15,9,2
21:16,16,2
21:18,4,14
21:21,15,8
21:21,22,7
21:22,17,18
21:24,21,8
21:25,20,14
21:25,9,2
21:25,10,19
21:25,11,18
21:32,17,1
21:32,16,2
21:32,4,14
21:33,6,7
21:36,22,1
21:39,21,8
21:40,9,2
21:41,10,19
21:42,11,18
21:43,3,18
21:44,6,7
21:44,5,13
21:47,20,14
21:47,4,14
21:47,22,7
21:47,21,8
21:51,11,18
21:51,10,19
21:51,15,8
21:51,16,2
21:56,9,2
21:58,11,18
21:58,3,18
22:01,15,8
22:01,17,1
22:03,4,14
22:06,22,7
22:06,21,8
22:09,10,19
22:10,11,18
22:14,9,2
22:14,4,14
22:17,5,13
22:21,15,8
22:23,11,18
22:23,22,1
22:23,21,8
22:24,12,13
22:25,11,18
22:27,9,2
22:29,4,14
22:29,15,8
22:32,17,1
22:33,16,2
22:36,22,7
22:36,21,8
22:38,11,18
22:39,22,1
22:40,10,19
22:40,12,14
22:42,9,2
22:45,15,8
22:46,16,2
22:49,4,14
22:51,3,18
22:53,21,8
22:55,20,14
22:55,22,7
23:00,10,19
23:01,11,18
23:03,16,2
23:03,15,8
23:09,16,2
23:11,4,14
23:15,12,13
23:15,11,18
23:15,10,19
23:15,22,7
23:15,21,8
23:18,20,14
23:20,17,1
23:20,16,2
23:20,21,8
23:21,6,7
23:24,4,14
23:24,6,7
23:24,17,1
23:24,16,2
23:28,22,7
23:28,11,18
23:28,12,13
23:30,10,19
23:31,9,2
23:32,20,14
23:35,17,1
23:35,16,2
23:35,4,14
23:35,3,18
23:36,12,13
23:36,5,13
23:38,6,7
23:40,4,14
23:40,21,8
23:40,22,7
23:41,11,18
23:41,6,7
23:44,12,13
23:46,10,19
23:47,11,18
23:48,6,7
23:50,4,14
23:52,4,14
23:53,22,7
23:53,21,8
23:53,12,13
23:56,20,14
23:57,10,19
23:59,6,7
24:01:00,11,18
24:03:00,4,14
24:03:00,6,7
24:04:00,17,18
24:04:00,16,2
24:09:00,22,7
24:09:00,11,18
24:09:00,10,19
24:11:00,21,8
24:13:00,22,7
24:13:00,11,18
24:13:00,9,2
24:15:00,5,13
24:15:00,10,19
24:16:00,11,18
24:16:00,9,2
24:17:00,17,1
24:25:00,11,18
24:25:00,10,19
24:28:00,22,7
24:28:00,21,8
24:33:00,5,13
24:33:00,12,13
24:35:00,15,8
24:36:00,4,14
24:40:00,15,8
24:42:00,10,19
24:42:00,11,18
24:42:00,15,8
24:44:00,22,7
24:44:00,21,8
24:48:00,5,13
24:52:00,17,1
24:52:00,15,8
24:53:00,6,7
24:56:00,10,19
24:56:00,11,18
25:02:00,9,2
25:05:00,10,19
25:08:00,11,18
25:06:00,9,1
25:07:00,6,7
25:08:00,22,7
25:08:00,21,8
25:13:00,20,13
25:13:00,6,7
25:14:00,4,14
25:16:00,5,13
25:20:00,3,18
25:23:00,11,18
25:28:00,12,13
25:24:00,16,2
25:28:00,17,18
25:31:00,15,8
25:35:00,21,8
25:35:00,16,2
25:40:00,9,2
25:40:00,5,13
25:44:00,20,14
25:44:00,4,14
25:44:00,20,14
25:46:00,3,18
25:48:00,5,13
25:49:00,22,7
25:49:00,21,8
25:52:00,10,19
25:53:00,11,18
25:54:00,9,2
25:55:00,17,18
25:56:00,20,14
25:59:00,21,8
26:01:00,6,7
26:01:00,4,14
26:03:00,22,1
26:05:00,3,18
26:06:00,17,18
26:07:00,11,18
26:07:00,10,19
26:09:00,9,1
26:09:00,22,7
26:11:00,21,8
26:14:00,16,2
26:17:00,5,13
26:17:00,4,14
26:18:00,3,18
26:22:00,9,2
26:22:00,12,13
25:23:00,10,19
25:25:00,11,18
25:26:00,12,13
26:27:00,20,14
26:30:00,5,13
26:30:00,4,14
25:32:00,17,1
25:34:00,16,2
25:34:00,15,8
26:35:00,12,13
26:40:00,11,18
26:41:00,12,13
26:41:00,22,7
26:41:00,21,8
26:42:00,10,19
26:44:00,16,2
26:44:00,17,1
26:49:00,6,7
26:51:00,4,14
26:51:00,12,13
26:52:00,10,19
26:54:00,22,7
26:54:00,21,8
26:56:00,11,18
26:58:00,12,13
26:58:00,3,18
27:01:00,4,14
27:00:00,17,1
27:00:00,16,2
27:02:00,6,7
27:02:00,15,8
27:06:00,17,18
27:09:00,11,18
27:09:00,10,19
27:09:00,22,1
27:10:00,22,7
27:11:00,21,8
27:11:00,22,7
27:16:00,4,14
27:16:00,15,8
27:19:00,3,18
27:22:00,22,7
27:22:00,16,2
27:23:00,20,14
27:27:00,10,19
27:28:00,11,18
27:32:00,4,14
27:32:00,17,1
27:33:00,9,1
27:37:00,6,7
27:38:00,17,18
27:41:00,22,7
27:41:00,21,8
27:42:00,11,18
27:42:00,10,19
27:44:00,3,18
27:48:00,9,1
27:49:00,17,1
27:49:00,16,2
27:49:00,15,8
27:51:00,6,7
27:54:00,4,14
27:56:00,22,7
27:57:00,21,8
27:59:00,10,19
27:59:00,11,18
28:01:00,12,13
28:01:00,20,14
28:01:00,4,14
28:04:00,5,13
28:09:00,3,18
28:10:00,6,7
28:13:00,22,7
28:13:00,21,8
28:14:00,20,14
28:16:00,12,13
28:23:00,17,1
28:23:00,16,2
28:24:00,4,14
28:24:00,5,13
28:27:00,5,13
28:28:00,22,1
28:28:00,21,8
28:29:00,15,8
28:30:00,17,18
28:34:00,10,19
28:34:00,11,18
28:37:00,11,18
28:39:00,4,14
28:39:00,16,2
28:39:00,15,8
28:41:00,16,2
28:44:00,22,7
28:44:00,21,8
28:47:00,11,18
28:47:00,10,19
28:51:00,4,14
28:51:00,17,1
28:51:00,15,8
28:51:00,5,13
28:55:00,22,7
28:55:00,21,8
29:02:00,10,19
29:03:00,11,18
29:04:00,3,18
29:06:00,15,8
29:07:00,17,18
29:07:00,16,2
29:10:00,22,7
29:10:00,21,8
29:14:00,10,19
29:14:00,17,1
29:16:00,10,19
29:16:00,16,2
29:17:00,11,18
29:20:00,15,8
29:22:00,12,13
29:22:00,11,18
29:23:00,22,7
29:24:00,21,8
29:27:00,10,19
29:29:00,11,18
29:32:00,17,1
29:32:00,15,8
29:36:00,12,13
29:37:00,10,18
29:38:00,22,7
29:38:00,21,8
29:38:00,6,7
29:44:00,17,1
29:44:00,16,2
29:44:00,15,8
29:44:00,4,14
29:45:00,5,13
29:50:00,22,7
29:50:00,21,8
29:52:00,12,13
29:54:00,10,19
29:54:00,11,18
29:56:00,15,8
29:56:00,17,18
29:57:00,12,13
29:58:00,16,2
30:02:00,5,13
30:03:00,4,14
30:04:00,22,7
30:04:00,21,8
30:06:00,10,19
30:06:00,9,2
30:06:00,11,18
30:12:00,16,2
30:13:00,17,1
30:13:00,5,13
30:16:00,15,8
30:18:00,22,7
30:18:00,21,8
30:18:00,10,19
30:20:00,11,18
30:22:00,9,2
30:23:00,15,8
30:24:00,6,7
30:28:00,16,2
30:30:00,22,7
30:30:00,21,8
30:32:00,11,18
30:32:00,10,19
30:34:00,10,19
30:37:00,4,14
30:38:00,5,13
30:38:00,17,1
30:44:00,11,18
30:44:00,22,7
30:44:00,21,8
30:46:00,10,19
30:52:00,4,14
30:54:00,6,7
30:54:00,9,2
30:59:00,22,1
31:01:00,15,8
31:04:00,21,8
31:04:00,22,7
31:05:00,4,14
31:06:00,10,19
31:07:00,11,18
31:09:00,6,7
31:09:00,21,8
31:09:00,22,7
31:09:00,17,18
31:10:00,9,1
31:11:00,22,7
31:12:00,21,8
31:13:00,11,18
31:13:00,21,8
31:18:00,3,18
31:23:00,10,19
31:24:00,11,18
31:25:00,6,7
31:25:00,22,7
31:25:00,21,8
31:27:00,17,18
31:33:00,11,18
31:33:00,10,19
31:35:00,21,8
31:36:00,22,7
31:37:00,15,8
31:38:00,16,2
31:38:00,17,1
31:41:00,3,18
31:50:00,20,14
31:51:00,22,7
31:51:00,21,8
31:55:00,11,18
31:55:00,10,19
31:59:00,17,1
31:59:00,16,2
32:00:00,15,8
32:01:00,4,14
32:02:00,5,13
32:04:00,6,7
32:06:00,3,18
32:10:00,22,7
32:10:00,21,8
32:14:00,11,18
32:14:00,10,19
32:15:00,6,7
32:15:00,20,13
32:17:00,5,13
32:18:00,17,1
32:20:00,16,2
32:20:00,15,8
32:25:00,22,7
32:25:00,21,8
32:25:00,20,13
32:27:00,10,19
32:27:00,11,18
32:32:00,17,1
32:32:00,16,2
32:38:00,17,18
32:39:00,3,18
32:40:00,22,7
32:41:00,11,18
32:45:00,10,19
32:45:00,21,8
32:48:00,20,13
32:49:00,5,13
32:52:00,17,1
32:55:00,21,8
32:56:00,11,18
33:01:00,16,2
33:05:00,22,7
33:05:00,21,8
33:08:00,11,18
33:11:00,20,13
33:11:00,10,19
33:14:00,9,2
33:16:00,6,7
33:16:00,16,2
33:18:00,15,8
33:23:00,20,13
33:27:00,11,18
33:29:00,10,19
33:29:00,22,7
33:29:00,21,8
33:35:00,5,13
33:35:00,4,14
33:35:00,3,18
33:37:00,15,8
33:39:00,17,1
33:42:00,11,18
33:44:00,22,7
33:45:00,12,13
33:45:00,10,19
33:46:00,21,8
33:50:00,20,14
33:50:00,4,14
33:57:00,15,8
33:58:00,11,18
33:58:00,17,1
34:01:00,10,19
34:02:00,22,7
34:02:00,21,8
34:08:00,4,14
34:09:00,12,13
34:10:00,3,18
34:15:00,22,7
34:15:00,21,8
34:16:00,10,19
34:16:00,11,18
34:21:00,16,2
34:23:00,17,1
34:23:00,4,14
34:26:00,22,7
34:26:00,21,8
34:27:00,11,18
34:27:00,10,19
34:29:00,12,13
34:31:00,17,18
34:33:00,16,2
34:36:00,4,14
34:40:00,22,7
34:41:00,10,19
34:44:00,21,8
34:44:00,17,18
34:44:00,16,2
34:46:00,4,14
34:48:00,17,18
34:53:00,11,18
34:54:00,10,19
34:54:00,9,2
35:01:00,22,7
35:01:00,21,8
35:02:00,15,8
35:05:00,5,13
35:05:00,17,1
35:08:00,11,18
35:08:00,16,2
35:09:00,17,18
35:09:00,3,18
35:12:00,10,19
35:17:00,22,7
35:17:00,21,8
35:23:00,15,8
35:25:00,11,18
35:25:00,22,7
35:26:00,10,19
35:28:00,21,8
35:28:00,11,18
35:30:00,15,8
35:35:00,4,14
35:35:00,22,7
35:35:00,21,8
35:37:00,6,7
35:39:00,6,7
35:40:00,10,19
35:42:00,11,18
35:43:00,15,8
35:46:00,6,7
35:47:00,3,18
35:50:00,6,7
35:50:00,4,14
35:52:00,22,7
35:52:00,21,8
35:52:00,10,19
35:53:00,11,18
35:57:00,17,18
35:59:00,16,2
36:00:00,15,8
36:04:00,20,14
36:05:00,6,7
36:05:00,4,14
36:05:00,5,13
36:09:00,12,13
36:11:00,17,1
36:13:00,22,7
36:13:00,21,8
36:13:00,16,2
36:13:00,17,18
36:15:00,11,18
36:16:00,10,19
36:18:00,22,7
36:18:00,21,8
36:20:00,12,13
36:22:00,17,18
36:22:00,15,8
36:26:00,5,13
36:27:00,12,13
36:29:00,10,19
36:32:00,11,18
36:34:00,15,8
36:36:00,17,1
36:41:00,22,7
36:43:00,21,8
36:48:00,12,13
36:49:00,6,7
36:50:00,4,14
36:50:00,11,18
36:51:00,10,19
36:52:00,9,2
36:53:00,17,1
36:53:00,15,8
36:55:00,16,2
36:59:00,22,7
37:01:00,22,1
37:01:00,21,8
37:02:00,11,18
37:04:00,10,19
37:04:00,9,1
37:05:00,21,8
37:12:00,11,18
37:12:00,10,19
37:14:00,3,18
37:17:00,15,8
37:21:00,10,19
37:23:00,11,18
37:23:00,22,7
37:23:00,21,8
37:24:00,17,18
37:27:00,6,7
37:27:00,4,14
37:27:00,15,8
37:29:00,3,18
37:33:00,11,18
37:33:00,10,19
37:33:00,22,7
37:33:00,21,8
37:38:00,4,14
37:38:00,17,1
37:38:00,15,8
37:39:00,16,2
37:41:00,22,7
37:41:00,21,8
37:44:00,11,18
37:44:00,10,19
37:51:00,20,14
37:52:00,16,2
37:56:00,5,13
37:56:00,12,13
37:56:00,4,14
37:57:00,11,18
37:57:00,10,19
38:00:00,22,7
38:00:00,21,8
38:04:00,17,1
38:04:00,15,8
38:04:00,12,13
38:05:00,16,2
38:07:00,11,18
38:07:00,3,18
38:08:00,4,14
38:13:00,15,8
38:14:00,21,8
38:15:00,17,1
38:18:00,22,7
38:17:00,12,13
38:18:00,16,2
38:21:00,11,18
38:21:00,10,19
38:23:00,6,7
38:26:00,11,18
38:26:00,22,7
38:26:00,21,8
38:29:00,17,1
38:29:00,16,2
38:30:00,15,8
38:37:00,4,14
38:39:00,22,7
38:39:00,21,8
38:40:00,11,18
38:40:00,10,19
38:46:00,15,8
38:47:00,17,1
38:47:00,16,2
38:50:00,4,14
38:55:00,22,7
38:55:00,11,18
38:57:00,10,19
38:57:00,21,8
38:59:00,17,1
38:59:00,16,2
39:02:00,22,7
39:02:00,21,8
39:05:00,11,18
39:05:00,22,7
39:05:00,21,8
39:06:00,10,19
39:09:00,17,1
39:09:00,15,8
39:14:00,11,18
39:16:00,22,1
39:16:00,10,19
39:20:00,17,1
39:20:00,15,8
39:21:00,16,2
39:21:00,5,13
39:21:00,4,14
39:24:00,22,1
39:28:00,11,18
39:28:00,10,19
39:28:00,21,8
39:32:00,15,8
39:33:00,17,1
39:33:00,16,2
39:35:00,11,18
39:40:00,10,19
39:40:00,20,13
39:40:00,22,7
39:40:00,21,8
39:43:00,17,1
39:46:00,15,8
39:50:00,21,8
39:50:00,22,1
39:51:00,11,18
39:52:00,10,19
39:53:00,22,7
39:55:00,15,8
39:56:00,9,2
39:58:00,17,1
39:58:00,16,2
39:59:00,11,18
40:08:00,10,19
40:06:00,20,14
40:06:00,21,8
40:09:00,22,7
40:08:00,10,19
40:13:00,17,1
40:13:00,16,2
40:13:00,15,8
40:19:00,20,13
40:21:00,21,8
40:21:00,22,7
40:24:00,11,18
40:26:00,10,19
40:27:00,12,13
40:27:00,9,2
40:27:00,16,2
40:27:00,17,1
40:29:00,6,7
40:32:00,15,8
40:35:00,4,14
40:35:00,5,13
40:40:00,22,7
40:40:00,21,8
40:41:00,12,14
40:42:00,11,18
40:42:00,10,19
40:44:00,12,14
40:44:00,9,2
40:44:00,15,8
40:44:00,17,1
40:47:00,16,2
40:52:00,4,14
40:53:00,22,1
40:55:00,21,8
40:54:00,10,19
40:56:00,11,18
40:56:00,12,13
41:01:00,17,18
41:01:00,20,14
41:05:00,16,2
41:05:00,15,8
41:07:00,17,1
41:08:00,4,14
41:13:00,12,13
41:14:00,22,7
41:15:00,21,8
41:14:00,10,19
41:16:00,11,18
41:18:00,12,13
41:19:00,15,8
41:21:00,3,18
41:21:00,16,2
41:22:00,12,13
41:23:00,17,1
41:30:00,22,1
41:30:00,9,2
41:31:00,12,13
41:31:00,21,8
41:32:00,11,18
41:35:00,20,13
41:37:00,17,1
41:37:00,16,2
41:40:00,15,8
41:45:00,21,8
41:45:00,22,7
41:45:00,12,13
41:46:00,21,8
41:50:00,10,19
41:51:00,11,18
41:52:00,5,13
41:52:00,16,2
41:52:00,15,8
41:52:00,12,13
41:57:00,12,14
41:59:00,22,1
42:01:00,21,8
42:01:00,11,18
42:02:00,10,19
42:03:00,12,13
42:04:00,6,7
42:07:00,15,8
42:10:00,22,7
42:10:00,15,8
42:11:00,15,8
42:16:00,22,1
42:16:00,21,8
42:16:00,20,14
42:20:00,11,18
42:20:00,10,19
42:23:00,9,2
42:23:00,15,8
42:24:00,16,2
42:28:00,17,1
42:29:00,11,18
42:30:00,11,18
42:30:00,10,19
42:33:00,10,19
42:33:00,22,7
42:33:00,21,8
42:34:00,10,19
42:34:00,11,18
42:35:00,17,1
42:35:00,15,8
42:45:00,22,7
42:45:00,21,8
42:46:00,11,18
42:48:00,10,19
42:50:00,6,7
42:50:00,16,2
42:50:00,15,8
42:51:00,4,14
42:57:00,22,7
42:58:00,12,13
43:01:00,21,8
43:01:00,11,18
43:01:00,10,19
43:01:00,17,18
43:02:00,9,2
43:03:00,4,14
43:03:00,15,8
43:05:00,6,7
43:11:00,22,7
43:11:00,21,8
43:15:00,4,14
43:15:00,5,13
43:15:00,10,19
43:17:00,11,18
43:16:00,9,2
43:18:00,17,18
43:19:00,6,7
43:21:00,15,8
43:26:00,22,7
43:26:00,21,8
43:29:00,11,18
43:29:00,10,19
43:33:00,4,14
43:37:00,20,14
43:37:00,6,7
43:38:00,16,2
43:38:00,15,8
43:45:00,11,18
43:46:00,22,7
43:46:00,21,8
43:47:00,10,19
43:49:00,16,2
43:49:00,17,1
43:50:00,10,19
43:50:00,4,14
43:54:00,12,13
43:58:00,20,14
44:02:00,22,1
44:03:00,11,18
44:03:00,10,19
44:03:00,21,8
44:04:00,16,2
44:06:00,17,1
44:12:00,21,8
44:12:00,12,13
44:13:00,10,19
44:14:00,11,18
44:14:00,22,1
44:15:00,4,14
44:15:00,17,1
44:15:00,16,2
44:17:00,22,1
44:18:00,15,8
44:23:00,11,18
44:23:00,10,19
44:26:00,21,8
44:26:00,22,7
44:26:00,9,2
44:27:00,16,2
44:27:00,17,1
44:29:00,21,8
44:34:00,11,18
44:35:00,10,19
44:35:00,6,7
44:38:00,22,7
44:38:00,21,8
44:40:00,17,18
44:43:00,12,13
44:45:00,17,1
44:45:00,16,2
44:46:00,4,14
44:46:00,6,7
44:48:00,15,8
44:52:00,12,13
44:52:00,11,18
44:53:00,22,7
44:54:00,10,19
44:55:00,21,8
44:57:00,16,2
44:58:00,5,13
44:59:00,16,2
45:02:00,15,8
45:02:00,17,1
45:05:00,12,13
45:05:00,11,18
45:08:00,10,19
45:10:00,15,8
45:15:00,22,7
45:15:00,21,8
45:16:00,12,13
45:16:00,17,1
45:16:00,16,2
45:22:00,4,14
45:24:00,11,18
45:25:00,22,7
45:26:00,10,19
45:26:00,15,8
45:27:00,21,8
45:28:00,17,1
45:28:00,15,8
45:31:00,16,2
45:35:00,17,18
45:35:00,4,14
45:36:00,22,7
45:38:00,21,8
45:39:00,10,19
45:42:00,12,13
45:42:00,11,18
45:42:00,16,2
45:44:00,22,1
45:44:00,17,1
45:45:00,15,8
45:52:00,22,1
45:52:00,21,8
45:54:00,11,18
45:54:00,10,19
45:55:00,22,7
45:55:00,6,7
45:56:00,15,8
45:58:00,4,14
45:59:00,16,2
45:59:00,17,1
46:06:00,21,8
46:06:00,10,19
46:07:00,12,13
46:07:00,11,18
46:09:00,22,1
46:11:00,4,14
46:11:00,16,2
46:11:00,3,18
46:16:00,12,13
46:22:00,21,8
46:20:00,11,18
46:20:00,10,19
46:23:00,22,7
46:23:00,17,1
46:25:00,15,8
46:26:00,17,1
46:27:00,16,2
46:30:00,4,14
46:31:00,6,7
46:33:00,10,19
46:33:00,11,18
46:33:00,12,13
46:33:00,6,7
46:36:00,21,8
46:36:00,22,7
46:37:00,6,7
46:37:00,17,1
46:37:00,16,2
46:40:00,16,2
46:42:00,6,7
46:44:00,11,18
46:47:00,22,7
46:47:00,21,8
46:47:00,10,19
46:53:00,11,18
46:55:00,10,19
46:56:00,6,7
46:56:00,16,2
46:56:00,17,1
47:01:00,6,7
47:04:00,22,7
47:04:00,21,8
47:05:00,10,19
47:05:00,11,18
47:06:00,17,1
47:11:00,5,13
47:13:00,6,7
47:16:00,22,7
47:16:00,21,8
47:17:00,4,14
47:17:00,3,18
47:20:00,10,19
47:21:00,11,18
47:22:00,12,13
47:22:00,22,7
47:22:00,21,8
47:26:00,12,13
47:27:00,15,8
47:38:00,22,7
47:38:00,21,8
47:38:00,12,13
47:41:00,9,2
47:41:00,15,8
47:42:00,10,19
47:43:00,12,13
47:44:00,11,18
47:45:00,10,19
47:47:00,6,7
47:47:00,3,18
47:47:00,4,14
47:48:00,12,13
47:56:00,5,13
47:56:00,6,7
47:56:00,15,8
47:56:00,17,1
47:59:00,17,1
48:01:00,12,13
48:04:00,22,7
48:04:00,21,8
48:05:00,11,18
48:06:00,12,13
48:07:00,10,19
48:09:00,6,7
48:10:00,20,13
48:12:00,5,13
48:12:00,4,14
48:14:00,17,1
48:14:00,16,2
48:14:00,15,8
48:17:00,10,19
48:19:00,11,18
48:22:00,22,7
48:22:00,21,8
48:23:00,17,1
48:24:00,16,2
48:28:00,4,14
48:30:00,5,13
48:32:00,22,7
48:32:00,21,8
48:33:00,10,19
48:33:00,11,18
48:34:00,12,13
48:36:00,4,14
48:36:00,17,1
48:36:00,16,2
48:44:00,22,7
48:44:00,21,8
48:45:00,5,13
48:45:00,4,14
48:45:00,12,13
48:45:00,11,18
48:45:00,10,19
48:48:00,17,1
48:48:00,16,2
48:52:00,6,7
48:55:00,11,18
48:56:00,21,8
48:57:00,12,13
48:57:00,10,19
48:58:00,12,14
49:01:00,3,19
49:01:00,4,14
49:01:00,16,2
49:03:00,17,1
49:07:00,10,19
49:08:00,11,18
49:11:00,21,8
49:14:00,4,14
49:15:00,3,19
49:15:00,5,13
49:20:00,17,1
49:20:00,16,2
49:27:00,9,2
49:27:00,10,19
49:29:00,21,8
49:29:00,22,7
49:29:00,12,13
49:30:00,11,18
49:33:00,5,14
49:33:00,16,2
49:33:00,17,1
49:35:00,3,19
49:36:00,4,14
49:42:00,9,2
49:43:00,10,19
49:43:00,11,18
49:43:00,22,7
49:43:00,21,8
49:47:00,17,1
49:47:00,16,2
49:47:00,15,8
49:51:00,6,7
49:54:00,4,14
50:02:00,22,7
50:02:00,21,8
49:58:00,11,18
49:58:00,10,19
49:59:00,9,2
50:04:00,20,14
50:04:00,17,1
50:04:00,16,2
50:09:00,17,18
50:09:00,4,14
50:13:00,11,18
50:15:00,10,19
50:16:00,22,7
50:16:00,21,8
50:21:00,9,2
50:21:00,22,1
50:21:00,17,1
50:21:00,16,2
50:23:00,15,8
50:25:00,17,18
50:28:00,4,14
50:29:00,5,13
50:31:00,22,7
50:32:00,11,18
50:34:00,10,19
50:36:00,9,2
50:36:00,12,13
50:37:00,17,1
50:37:00,16,2
50:39:00,4,14
50:39:00,15,8
50:39:00,17,18
50:42:00,22,7
50:42:00,21,8
50:44:00,12,13
50:47:00,11,18
50:47:00,10,19
50:49:00,9,2
50:51:00,5,13
50:52:00,4,14
50:55:00,15,8
50:58:00,17,1
50:58:00,16,2
51:06:00,10,18
51:06:00,12,13
51:06:00,11,18
51:06:00,22,7
51:09:00,4,14
51:09:00,5,13
51:16:00,10,19
51:19:00,11,18
51:20:00,15,8
51:21:00,22,7
51:21:00,21,8
51:26:00,20,14
51:29:00,4,14
51:33:00,22,7
51:33:00,21,8
51:33:00,10,19
51:33:00,11,18
51:37:00,5,13